-- 新增部門
INSERT INTO DEPARTMENT (DEPARTMENT_NAME)
VALUES 
('人事部門'),
('營運部門'),
('客服部門'),
('教練部門');
-- 新增權限
INSERT INTO ACCESS (ACCESS_NAME)
VALUES 
('員工管理'),
('會員管理'),
('商城管理'),
('教練管理'),
('團課管理'),
('客服管理');
-- 新增員工
INSERT INTO EMPLOYEE (DEPARTMENT_ID, EMPLOYEE_NAME, EMPLOYEE_MAIL, EMPLOYEE_PASSWORD, EMPLOYEE_STATE)
VALUES
( 1, '管理員', 'root000@gmgc.com', 'root', '在職'),
( 1, '黃家豪', 'chiahao001@gmgc.com', 'zxc123456', '在職'),
( 2, '陳志明', 'zhiming002@gmgc.com', 'asd123456', '在職'),
( 3, '林淑芬', 'shufen003@gmgc.com', 'qwe123456', '在職'),
( 4, '許雅婷', 'yating004@gmgc.com', 'xcv123345', '在職'),
( 4, '王建宏', 'jianhung005@gmgc.com', 'sdf123456', '在職');
-- 新增員工權限
INSERT INTO EMPLOYEE_ACCESS (EMPLOYEE_ID, ACCESS_ID)
VALUES
(1, 1),
(2, 2),
(2, 3),
(2, 4),
(2, 5),
(3, 6);

-- ============================================================================
-- 新增會員
INSERT INTO MEMBER(MEMBER_ID,MEMBER_NUMBER_OF_VIOLATIONS,MEMBER_NAME,MEMBER_MAIL,MEMBER_PASSWORD,MEMBER_PHONE_NUMBER,MEMBER_ADDRESS_REGION,MEMBER_ADDRESS_DISTRICT,MEMBER_ADDRESS_DETAIL,MEMBER_BIRTHYEAR,MEMBER_BIRTHMONTH,MEMBER_BIRTHDAY,MEMBER_STATE)
VALUES	('1','0','李晃興','a009asdfg@gmail.com','kj0989134','0981358866','台北市','大安區','和平東路3段22巷156號12樓','1983年','9月','8日','1'),	
		('2','0','梅理茂','a007asdfg@gmail.com','kj0989135','0981358867','新北市','板橋區','漢生東路83巷12號','1975年','4月','7日','1'),	
        ('3','0','呂珊寶','a008asdfg@gmail.com','kj0989136','0981358868','台北市','中正區','北平東路30號3樓','1991年','3月','2日','1'),
        ('4','0','曾濤彥','a002asdfg@gmail.com','kj0989137','0981358869','桃園市','中壢區','領航南路一段75號7樓','1996年','5月','18日','1'),
        ('5','0','連玫璽','a001asdfg@gmail.com','kj0989138','0981358870','台北市','士林區','忠誠路二段77號','1983年','9月','8日','1'),
        ('6','1','魏川長','a005asdfg@gmail.com','kj0989139','0981358871','新北市','土城區','莊園街11號15樓','1987年','7月','23日','1'),
        ('7','3','楊眉','a003asdfg@gmail.com','kj0989140','0981358872','桃園市','桃園區','中央街291號8樓','1993年','3月','17日','0');
-- ============================================================================
-- 新增商品類別
INSERT INTO `CATEGORY` (`CATEGORY_NAME`)
VALUES 
  ('健身器具'),
  ('營養保健'),
  ('運動服飾');
-- 新增商品
INSERT INTO `PRODUCT` (`PRODUCT_NAME`, `PRODUCT_PRICE`, `PRODUCT_DETAIL`, `PRODUCT_STATUS`, `PRODUCT_CATEGORYID`)
VALUES
  ('人體工學握把跳繩', 150, '跳繩採用ABEC3滾珠軸承，厚實的（27 mm）人體工學泡棉握把提供絕佳的握感。採用PVC材質的跳繩，適用於室內及摩擦力較低的地板。', 1, 1),
  ('健腹輪', 250, '止滑性適用於各種平坦地面（硬木、水泥、磁磚等）。健腹輪可以拆卸，方便存放和攜帶。更符合人體工學的握把。', 1, 1),
  ('8kg 壺鈴', 1100, '多用途，讓你的健身更完整，結合肌力強化及有氧訓練。超耐磨橡膠底部，減少對地板所造成的衝擊。寬大又實用的握把，可根據不同運動用1手或2手抓握。', 1, 1),
  ('六角啞鈴 (5 kg)', 700, '適合各種活動的形狀：重量訓練及功能性運動，橡膠不會刮傷你的地板。形狀專為讓啞鈴落到地板上而設計。', 1, 1),
  ('迷你彈力帶 (3入)', 150, '鍛鍊如大腿、臀部、手臂、背部和腹肌等任何部位！3條彈力帶、3種阻力，靈活搭配你的訓練！輕盈小巧的彈力帶，易於收納與隨身攜帶！', 1, 1),
  ('ON乳清蛋白 (香草冰淇淋)', 2500, '2.26kg，蛋白質有助於維持和增加肌肉量。每份含24 g蛋白質。',1, 2),
  ('乳清蛋白(香草口味)30g x 8包入', 300, '配方含有70%乳清蛋白，可以快速吸收。這款產品不但低脂，蛋白質更有助增肌，因此特別適合重訓新手。', 1, 2),
  ('沖泡搖搖杯', 250, '使用便利性把攪拌蛋白粉變簡單。易保養，圓形底部和設計讓杯子方便清洗。', 1, 2),
  ('男款透氣輕盈跑步背心', 350, '吸濕排汗功能可快速排汗的透氣布料，雙面設計和讓你保持乾爽的極透氣材質外，我們還在衣領和袖口加上羅紋飾邊設計。', 1, 3),
  ('籃球雙面背心', 550, '吸濕排汗功能可快速排汗的透氣布料，雙面設計和讓你保持乾爽的極透氣材質外，我們還在衣領和袖口加上羅紋飾邊設計。',1, 3),
  ('女款修身運動緊身褲', 300, '高棉質布料更加柔軟舒適。延展性，氨綸（elastane）布料讓你活動更自如。為一般常見的各強度溫和健身與皮拉提斯運動打造', 1, 3);
-- 新增訂單
INSERT INTO `SHOPORDER` (`SHOPORDER_MEMBERID`,  `SHOPORDER_CREATETIME`, `SHOPORDER_TOTALPRICE`, `SHOPORDER_STATUS`, `SHOPORDER_ADDERESS`, `SHOPORDER_NAME`, `SHOPORDER_PHONE`, `SHOPORDER_NOTE`)
VALUES
  ('1', CURRENT_TIMESTAMP, 550, 1, '台北市大安區和平東路3段22巷156號12樓', '李晃興', '0981358866', NULL),
  ('2', CURRENT_TIMESTAMP, 1550, 1, '新北市板橋區漢生東路83巷12號', '梅理茂', '0981358867', NULL),
  ('3', CURRENT_TIMESTAMP, 2800, 1, '台北市中正區北平東路30號3樓', '呂珊寶', '0981358868', NULL);
-- 新增訂單明細
INSERT INTO `SHOPORDER_DETAIL` (`SHOPORDER_DETAIL_SHOPORDERID`, `SHOPORDER_DETAIL_PRODUCTID`, `SHOPORDER_DETAIL_QUANTITY`, `SHOPORDER_DETAIL_PRICE`)
VALUES
  (1, 7, 1, 300),
  (1, 8, 1, 250),
  (2, 3, 1, 1100),
  (2, 1, 3, 450),
  (3, 6, 1, 2500),
  (3, 5, 2, 300);
-- ===========================================================
-- ========================================================================================
-- 新增教練      
INSERT INTO `no7`.`coach` (`COACH_NAME`, `COACH_DETAIL`, `COACH_GENDER`) VALUES
    ('李昊天', '李昊天是一位擅長戰鬥有氧訓練的健身教練。他結合高強度的有氧運動和戰鬥技巧，為客戶帶來挑戰性和刺激性的訓練課程，幫助他們增強心肺功能、燃燒脂肪，並提升身體素質。', '0'),
    ('許雅婷', '許雅婷是一位擁有豐富經驗的Zumba舞蹈教練。她對音樂節奏和舞蹈充滿熱情，以活潑有趣的方式引領學員跳動身體，同時燃燒卡路里，增強體能和協調性，讓健身變得更加歡樂。', '1'),
    ('劉梓涵', '劉梓涵是一位熱愛熱瑜伽的專業教練。她的瑜伽課程結合了動感的流動式動作和脈搏加速的節奏，幫助學員在舒緩的氛圍中燃燒脂肪、塑造身材，同時提升靈活性和身心平衡。', '1'),
    ('李雅琪', '李雅琪是一位熟練的皮拉提斯教練。她專注於身體核心肌群的鍛煉和姿勢調整，通過控制和平衡運動，幫助學員改善體態、增強肌肉力量和柔軟度，同時締造健美身形。', '1'),
    ('王子軒', '王子軒是一位致力於健身和減脂的教練。他設計專注於增強心肺功能和燃燒脂肪的訓練課程，結合有氧運動和高強度訓練，幫助客戶達到減脂、塑身和改善體態的目標。', '0'),
    ('陳宇軒', '陳宇軒是一位充滿活力和熱情的健身教練。他擁有多年的健身經驗，專注於全身健身訓練和功能性訓練。他的課程結合了力量訓練、循環訓練和高強度間歇訓練，幫助學員增強肌肉力量、提高耐力和改善體能。', '0'),
    ('王建宏', '王建宏是一位專業的健身教練，擁有豐富的知識和技能。他熱衷於個人訓練和定制化的健身計劃，根據每位客戶的需求和目標量身打造適合的鍛煉方案。他注重技術指導和動作執行的準確性，幫助客戶達到他們的健身目標。', '0');

-- 新增技能
INSERT INTO `skill` (`SKILL_NAME`) VALUES
    ('有氧'),
    ('Zumba'),
    ('瑜珈'),
    ('皮拉提斯'),
    ('減脂'),
    ('功能性訓練'),
    ('客製化訓練'),
    ('重量訓練'),
    ('HIIT訓練'),
    ('核心訓練'),
    ('腿部訓練'),
    ('腹肌訓練'),
    ('TRX訓練'),
    ('壺鈴訓練'),
    ('飛輪'),
    ('攀岩');
-- 新增教練技能
INSERT INTO `coachskill` (`COACH_ID`, `SKILL_ID`) VALUES
    (1, 1),
    (1, 5),
    (1, 6),
    (1, 7),
    (1, 10),
    (2, 2),
    (2, 3),
    (2, 4),
    (2, 7),
    (2, 12),
    (2, 14),
    (2, 15),
    (3, 3),
    (3, 4),
    (3, 5),
    (3, 9),
    (3, 10),
    (3, 11),
    (3, 14),
    (4, 4),
    (4, 3),
    (4, 7),
    (4, 10),
    (4, 15),
    (5, 5),
    (5, 6),
    (5, 7),
    (5, 8),
    (5, 9),
    (5, 13),
    (5, 15),
    (6, 6),
    (6, 7),
    (6, 8),
    (6, 9),
    (6, 13),
    (6, 14),
    (7, 6),
    (7, 7),
    (7, 10),
    (7, 11),
    (7, 12),
    (7, 13),
    (7, 15);
-- 新增一對一課程
INSERT INTO `proclass` (`SKILL_ID`, `PROCLASS_NAME`) VALUES
    (1, 'Kick & Boxing'),
    (2, 'Zumba'),
    (3, '熱瑜珈'),
    (4, '皮拉提斯'),
    (5, '減脂'),
    (6, '功能性訓練'),
    (7, '客製化訓練'),
    (15, '有氧飛輪');
-- 新增一對一課程訂單
INSERT INTO proclassorder (PROCLASS_ID, MEMBER_ID, PROCLASS_ATTEND, PROCLASS_TIME, PROCLASS_DATE, COACH_ID, PROCLASSORDER_STATE, PROCLASSORDER_DATE) VALUES 
(1, 8, 0, '1', '2023-02-02', 1, '0', '2023-01-12'),
(2, 8, 0, '2', '2023-02-09', 2, '0', '2023-01-07'),
(3, 8, 0, '0', '2023-02-17', 3, '0', '2023-01-07'),
(4, 8, 0, '1', '2023-02-25', 4, '1', '2023-01-21'),
(5, 8, 0, '2', '2023-02-10', 5, '0', '2023-01-02'),
(6, 8, 0, '1', '2023-02-28', 6, '2', '2023-02-24'),
(7, 8, 0, '2', '2023-02-19', 7, '2', '2023-01-31');

-- 新增教練排程

-- 新增教練休假
INSERT INTO COACHDAYOFF (COACH_ID, COACHDAYOFF_DATE, COACHDAYOFF_TIME) VALUES
(1, '2023-02-01', '2'),
(1, '2023-02-08', '1'),
(1, '2023-02-15', '2'),
(1, '2023-02-19', '0'),
(1, '2023-02-22', '2'),
(1, '2023-02-28', '1'),
(1, '2023-02-02', '2'),
(1, '2023-02-09', '2'),
(1, '2023-02-12', '2'),
(1, '2023-02-16', '1'),
(1, '2023-02-23', '1'),
(1, '2023-02-03', '1'),
(1, '2023-02-10', '1'),
(3, '2023-02-17', '1'),
(3, '2023-02-22', '2'),
(3, '2023-02-24', '2');



-- ===============================================================================================
-- 新增團課類別
INSERT INTO COURSE (COURSE_CATEGORY, COURSE_NAME, COURSE_INTRODUCTION, COACH_ID)
VALUES
    ('AEROBICS', '戰鬥有氧', '戰鬥有氧是一種充滿力量的有氧訓練，讓你能得到完全釋放。這種激烈又充滿活力的課程靈感來自武術，並吸收了其他多元的運動，如空手道，拳擊，跆拳道，太極拳和泰拳。透過充滿活力的音樂和專業的教練，及進階的有氧健身方式。', 1),
    ('AEROBICS', 'Zumba', 'Zumba®有氧就像是和你的好朋友跳舞狂歡一整晚，是一種會讓你感受到強大力量的舞蹈形式！你可以期待在課程裡能燃燒超過500卡路里的熱量！', 2),
    ('AEROBICS', '艾克斯有氧', '結合拉丁舞、森巴、拳擊、Hip Hop、啦啦隊舞、寶萊塢舞、性感毛巾舞、百老匯爵士等...', 1),
    ('YOGA', '熱瑜珈', '熱瑜珈以哈達瑜珈為基礎。在高溫環境中(攝氏36度到40度)，配合呼吸，進行一套約26到42個體位的肢體伸展動作。助於增加體內新陳代謝和排毒有顯著的功效。', '2'),
    ('YOGA', '阿斯坦加瑜珈', '以力量為主的瑜珈，大部分的時間都以訓練身體為基準，用強大的下肢力量進行扎根的動作，確實的讓自己的身體達到穩定的效果藉由每次拜日式時變換動作', 3),
    ('YOGA', '和緩瑜珈', '適合初學者的入門課程，從簡單舒服且緩慢的練習中，獲得體位法的最大效益。 學員可以從頭認識瑜珈中基本常用的體位法名稱與其功效、動作流程順序，並使用瑜珈輔具來讓練習更容易上手，調息法讓身心更放鬆。', 4),
    ('YOGA', '皮拉提斯', '皮拉提斯注重肌肉伸展和呼吸結合，主要訓練人體核心肌群，也就是丹田。皮拉提斯鍛鍊的是較深層肌肉，不是表面大肌群，所以不會壯大肌肉，反而讓線條變得更纖細修長。', 4),
    ('SPINNING', '入門飛輪', '這是為了沒有騎過飛輪經驗者準備的課程，教練們將介紹車子的基本設定和基本動作及手部握把姿勢來建立基礎的正確概念。', 7),
    ('SPINNING', '肌力雕塑', '體態雕塑終結，肌力雕塑融入阻力訓練的元素與心肺運動獨特的魅力，當身體在中高強度區間運動時，能夠讓線條更緊實，甩開大腿內側的肥肉，讓好看的牛仔褲與Legging更服貼。心動嗎？趕快報名，飛輪課程的肌力雕塑。', 6),
    ('SPINNING', '燃脂耐力', '藉由飛輪訓練結合坐姿、站姿、速度快、速度慢、輕阻力以及重阻力來改變運動強度，搭配爬坡、平路、跳耀等動作，交互以站姿及坐姿切換彈性運用，有效訓練協助訓練者強化肌力及耐力，同時增進有氧能力，持續燃燒體脂肪。', 5),
    ('ROCKCLIMBLING', '攀岩', '這堂課程是針對初學者，或是想要嘗試戶外攀岩的人所設計，我們會帶學員到台灣最著名的龍洞攀岩場，在這堂課中，我們會從基本所需要的繩結、確保方法、基本裝備。當然也會讓學員在安全確保的情況下，挑戰自我，課程的目的除了讓學員了解戶外攀岩的樂趣外，也能挑戰自我的極限！', 7);

# 新增團課報名時段
INSERT INTO PERIOD (COURSE_ID, PEOPLE_UPPER, PEOPLE_LOWER, COURSE_ORDER_BE, COURSE_ORDER_EN, COURSE_PRICE, COURSE_NUMBER, COURSE_STATE)
VALUES
    ('1', '10', '2', '2023-06-01 00:00:00', '2023-06-09 23:59:59', '1000', '2', '上架'),
    ('2', '10', '2', '2023-06-01 00:00:00', '2023-06-09 23:59:59', '1000', '2', '上架'),
    ('3', '10', '2', '2023-06-01 00:00:00', '2023-06-09 23:59:59', '1000', '2', '上架'),
    ('4', '10', '2', '2023-06-01 00:00:00', '2023-06-09 23:59:59', '1000', '2', '上架'),
    ('5', '10', '2', '2023-06-01 00:00:00', '2023-06-09 23:59:59', '1000', '2', '上架');

# 團課訂單
INSERT INTO COURSE_ORDER (COURSE_ORDER_DATE, COURSE_ORDER_STATE, COURSE_ORDER_TOTAL_PRICE, PERIOD_ID, MEMBER_ID)
VALUES
    ('2023-06-01 23:59:59', '已成立', '1000', '1', '1'),
    ('2023-06-02 23:59:59', '已成立', '1000', '1', '2'),
    ('2023-06-02 23:59:59', '已成立', '1000', '2', '2'),
    ('2023-06-04 23:59:59', '已成立', '1000', '2', '3'),
    ('2023-06-04 23:59:59', '已成立', '1000', '3', '3'),
    ('2023-06-06 23:59:59', '已成立', '1000', '3', '4'),
    ('2023-06-06 23:59:59', '已成立', '1000', '4', '4'),
    ('2023-06-08 23:59:59', '已成立', '1000', '4', '5');

# 新增團課上課時段
INSERT INTO COURSE_SCHEDULE (COACH_ID, PERIOD_ID, COURSE_SCHEDULE_TIME, COURSE_SCHEDULE_DATE,COURSE_SCHEDULE_STATE)
VALUES
    ('1', '1', '早', '2023-08-01','已成立'),
    ('1', '1', '早', '2023-08-08','已成立'),
    ('2', '2', '早', '2023-08-02','已成立'),
    ('2', '2', '早', '2023-08-09','已成立'),
    ('1', '3', '早', '2023-08-03','已成立'),
    ('1', '3', '早', '2023-08-10','已成立'),
    ('2', '4', '早', '2023-08-04','已成立'),
    ('2', '4', '早', '2023-08-11','已成立'),
    ('3', '5', '早', '2023-08-05','已成立'),
    ('3', '5', '早', '2023-08-12','已成立');

# 團課出席紀錄
INSERT INTO COURSE_SHOWOFF (COURSE_SCHEDULE_ID, MEMBER_ID, COURSE_SHOWOFF_DATE, COURSE_SHOWOFF_STATE)
VALUES
    ('1', '1', '2023-08-01', '0'),
    ('1', '2', '2023-08-01', '0'),
    ('2', '1', '2023-08-08', '0'),
    ('2', '2', '2023-08-08', '0'),
    ('3', '2', '2023-08-02', '0'),
    ('3', '3', '2023-08-02', '0');
# 常見問題
INSERT INTO FAQS (FAQS_QUESTION, FAQS_ANSWER, FAQS_CATEGORY, FAQS_UPDATETIME)
VALUES
    ('廠館營業時間?', '週一至週六AM06:00-PM24:00；週日為AM08:00-PM24:00 (不分國定假日)。', '場館相關', NOW()),
    ('請問廠館位置?', '桃園市中壢區復興路46號9樓。', '場館相關', NOW()),
    ('廠館內是否可以飲食?', '廠館運動區域內皆禁止飲食，感謝您的配合，也提醒您，切勿空腹運動，避免血糖過低，造成危險。', '場館相關', NOW()),
    ('該如何取消教練課?', '學員須於開課前12小時前至會員中心進行課程取消；如學員未能在此期限內取消，則視為違規；缺席/違規次數如達3次，健身房保留停權的權利。', '教練相關', NOW()),
    ('當缺席/違規次數到達幾次將會被停權處置?', '依據缺席/違規次數到達3次，學員將被暫停使用一對一教練服務；停權日後兩周方能重新預約一對一教練課程。', '教練相關', NOW()),
    ('一對一教練請假處理辦法?', '如教練因故無法進行一對一課程教學；將會以信件方式通知學員，而後教練將會另安排補課時間。', '教練相關', NOW()),
    ('團課教練請假處理辦法?', '如教練因故無法進行團體課程教學；將會以信件方式通知學員，而後教練將會另安排補課時間。', '團課相關', NOW()),
    ('該如何取消團體課程?', '若您想取消課程，請在課程報名截止日前提出取消申請，我司將全額退款給您；然而，若您在報名截止日後取消課程，我司將不予退款。', '團課相關', NOW()),
    ('團課人數未達下限?', '如課程的報名人數未達到下限，我司將全額退款給已報名課程的學員。', '團課相關', NOW()),
    ('是否接受商品換貨？', '很抱歉，根據我們的商城規範，我們目前不提供商品換貨服務，僅接受退款申請。如有需要，您可以辦理退款並重新下單購買其他商品。', '商城相關', NOW());

